Rank,Poll_Index,Team,Conf,Region,MOV+,SOR,E+,G+,A+,BA,EAW,GAW,AAW,Wins,Losses,DIII W,DIII L,Conf W,Conf L,Rating
1,NA,North Central Ill.,CCIW,5,NA,NA,NA,NA,NA,NA,NA,NA,NA,0,0,0,0,0,0,59.85312462847536
2,NA,UW-La Crosse,WIAC,6,NA,NA,NA,NA,NA,NA,NA,NA,NA,0,0,0,0,0,0,40.782368444025586
3,NA,UW-Whitewater,WIAC,6,NA,NA,NA,NA,NA,NA,NA,NA,NA,0,0,0,0,0,0,40.71852900404401
4,NA,Mary Hardin-Baylor,ASC,3,NA,NA,NA,NA,NA,NA,NA,NA,NA,0,0,0,0,0,0,40.2561442598944
5,NA,Mount Union,OAC,4,NA,NA,NA,NA,NA,NA,NA,NA,NA,0,0,0,0,0,0,40.2421314824396
6,NA,St. John's,MIAC,6,NA,NA,NA,NA,NA,NA,NA,NA,NA,0,0,0,0,0,0,40.00310900626417
7,NA,UW-Platteville,WIAC,6,NA,NA,NA,NA,NA,NA,NA,NA,NA,0,0,0,0,0,0,39.56110943249354
8,NA,Hardin-Simmons,ASC,3,NA,NA,NA,NA,NA,NA,NA,NA,NA,0,0,0,0,0,0,38.91029780710914
9,NA,Linfield,NWC,6,NA,NA,NA,NA,NA,NA,NA,NA,NA,0,0,0,0,0,0,36.85686356769058
10,NA,UW-River Falls,WIAC,6,NA,NA,NA,NA,NA,NA,NA,NA,NA,0,0,0,0,0,0,36.344930564170326
11,NA,Wheaton Ill.,CCIW,5,NA,NA,NA,NA,NA,NA,NA,NA,NA,0,0,0,0,0,0,36.29129179669094
12,NA,Bethel,MIAC,6,NA,NA,NA,NA,NA,NA,NA,NA,NA,0,0,0,0,0,0,36.22513612237771
13,NA,Johns Hopkins,CC,2,NA,NA,NA,NA,NA,NA,NA,NA,NA,0,0,0,0,0,0,35.50090721276575
14,NA,John Carroll,NCAC,4,NA,NA,NA,NA,NA,NA,NA,NA,NA,0,0,0,0,0,0,34.11431606523877
15,NA,Wartburg,ARC,5,NA,NA,NA,NA,NA,NA,NA,NA,NA,0,0,0,0,0,0,33.296743689059745
16,NA,UW-Stout,WIAC,6,NA,NA,NA,NA,NA,NA,NA,NA,NA,0,0,0,0,0,0,33.27920727290757
17,NA,UW-Oshkosh,WIAC,6,NA,NA,NA,NA,NA,NA,NA,NA,NA,0,0,0,0,0,0,32.476452974392714
18,NA,DePauw,NCAC,4,NA,NA,NA,NA,NA,NA,NA,NA,NA,0,0,0,0,0,0,32.47183761093225
19,NA,Susquehanna,LAND,2,NA,NA,NA,NA,NA,NA,NA,NA,NA,0,0,0,0,0,0,31.843354671788134
20,NA,Cortland,E8,2,NA,NA,NA,NA,NA,NA,NA,NA,NA,0,0,0,0,0,0,31.772294823177393
21,NA,Carnegie Mellon,CC,2,NA,NA,NA,NA,NA,NA,NA,NA,NA,0,0,0,0,0,0,30.800581846681727
22,NA,Hope,MIAA,4,NA,NA,NA,NA,NA,NA,NA,NA,NA,0,0,0,0,0,0,30.39510780362409
23,NA,Grove City,PAC,2,NA,NA,NA,NA,NA,NA,NA,NA,NA,0,0,0,0,0,0,30.234770951883792
24,NA,Salisbury,NJAC,2,NA,NA,NA,NA,NA,NA,NA,NA,NA,0,0,0,0,0,0,29.03827244786021
25,NA,Alma,MIAA,4,NA,NA,NA,NA,NA,NA,NA,NA,NA,0,0,0,0,0,0,29.02480452596923
26,NA,Berry,SAA,3,NA,NA,NA,NA,NA,NA,NA,NA,NA,0,0,0,0,0,0,28.120651532666564
27,NA,Coe,ARC,5,16.583588910054566,0.9942428951043236,1,1,1,0,7.225310376237637e-4,0.021094569071995584,0.19002518778017174,1,0,1,0,0,0,28.01422438553763
28,NA,Central,ARC,5,NA,NA,NA,NA,NA,NA,NA,NA,NA,0,0,0,0,0,0,26.9291814263719
29,NA,Springfield,NEWMAC,1,NA,NA,NA,NA,NA,NA,NA,NA,NA,0,0,0,0,0,0,26.88468348383927
30,NA,Randolph-Macon,ODAC,3,-12.381913853751971,0.9545957611277831,0,0,1,0,0.00938793894897716,0.11582780518284419,0.48314620017135723,1,0,1,0,0,0,26.817504344779355
31,NA,Aurora,NACC,5,NA,NA,NA,NA,NA,NA,NA,NA,NA,0,0,0,0,0,0,26.007979719115635
32,NA,Ithaca,LL,2,NA,NA,NA,NA,NA,NA,NA,NA,NA,0,0,0,0,0,0,25.19614941431313
33,NA,Washington U.,CCIW,5,NA,NA,NA,NA,NA,NA,NA,NA,NA,0,0,0,0,0,0,25.132483892713488
34,NA,Washington and Jefferson,PAC,2,NA,NA,NA,NA,NA,NA,NA,NA,NA,0,0,0,0,0,0,25.122325508312482
35,NA,Trinity Texas,SAA,3,-0.9560654244661393,0.7968767339251672,0,1,1,0,0.06820159027564521,0.36863391688290204,0.7934277471383364,1,0,1,0,0,0,24.498500173059007
36,NA,Christopher Newport,NJAC,2,NA,NA,NA,NA,NA,NA,NA,NA,NA,0,0,0,0,0,0,24.44862132346431
37,NA,Endicott,CNE,1,NA,NA,NA,NA,NA,NA,NA,NA,NA,0,0,0,0,0,0,23.042916039642876
38,NA,Marietta,OAC,4,2.3586899144312885,0.5418962789111389,0,1,1,0,0.22242916553475567,0.6516693143249742,0.9386667423945386,1,0,1,0,0,0,22.37665938236259
39,NA,Westminster Pa.,PAC,2,-9.751096711048476,1,0,0,1,0,-0.8478987067565922,-0.44971424495194967,-0.10023221814414773,0,1,0,1,0,0,21.676287421703464
40,NA,Case Western Reserve,PAC,2,NA,NA,NA,NA,NA,NA,NA,NA,NA,0,0,0,0,0,0,21.64765969853256
41,NA,Brockport,E8,2,6.874056418257815,0.9856491836155914,0,1,1,0,0.00221108587698704,0.04527371111935652,0.29505696178960406,1,0,1,0,0,0,21.40097017791081
42,NA,Whitworth,NWC,6,NA,NA,NA,NA,NA,NA,NA,NA,NA,0,0,0,0,0,0,20.79225186595831
43,NA,Centre,SAA,3,NA,NA,NA,NA,NA,NA,NA,NA,NA,0,0,0,0,0,0,20.65497799990009
44,NA,Washington and Lee,ODAC,3,NA,NA,NA,NA,NA,NA,NA,NA,NA,0,0,0,0,0,0,19.473513004959226
45,NA,Baldwin Wallace,OAC,4,NA,NA,NA,NA,NA,NA,NA,NA,NA,0,0,0,0,0,0,19.249206624191103
46,NA,Maryville Tenn.,SAA,3,NA,NA,NA,NA,NA,NA,NA,NA,NA,0,0,0,0,0,0,18.999636815724834
47,NA,Muhlenberg,CC,2,-0.2759855559452369,0.8917038138956481,0,1,1,0,0.02908312541093605,0.22946900017217664,0.6602880651064719,1,0,1,0,0,0,18.880067278381105
48,NA,Hobart,LL,2,-20.791634429444905,1,0,0,1,0,-0.9526477553369255,-0.6975059886942412,-0.2621909924856821,0,1,0,1,0,0,18.05104190891253
49,NA,Wabash,NCAC,4,NA,NA,NA,NA,NA,NA,NA,NA,NA,0,0,0,0,0,0,17.928550103867956
50,NA,East Texas Baptist,ASC,3,NA,NA,NA,NA,NA,NA,NA,NA,NA,0,0,0,0,0,0,16.492153729424043
51,NA,RPI,LL,2,NA,NA,NA,NA,NA,NA,NA,NA,NA,0,0,0,0,0,0,16.443852440115304
52,NA,Concordia-Moorhead,MIAC,6,NA,NA,NA,NA,NA,NA,NA,NA,NA,0,0,0,0,0,0,15.728965274380156
53,NA,Ohio Northern,OAC,4,NA,NA,NA,NA,NA,NA,NA,NA,NA,0,0,0,0,0,0,15.380243723631615
54,NA,Franklin and Marshall,CC,2,-16.58543756676185,0.955827641955127,0,0,1,0,0.009063896310589126,0.11330235578599424,0.4779476687823413,1,0,1,0,0,0,14.995264490106099
55,NA,Denison,NCAC,4,NA,NA,NA,NA,NA,NA,NA,NA,NA,0,0,0,0,0,0,13.810298070907708
56,NA,Wittenberg,NCAC,4,NA,NA,NA,NA,NA,NA,NA,NA,NA,0,0,0,0,0,0,13.52669972252402
57,NA,Pomona-Pitzer,SCIAC,6,NA,NA,NA,NA,NA,NA,NA,NA,NA,0,0,0,0,0,0,13.376625601263335
58,NA,Dubuque,ARC,5,NA,NA,NA,NA,NA,NA,NA,NA,NA,0,0,0,0,0,0,13.14153333841165
59,NA,Chapman,SCIAC,6,NA,NA,NA,NA,NA,NA,NA,NA,NA,0,0,0,0,0,0,13.109120995382709
60,NA,Rowan,NJAC,2,NA,NA,NA,NA,NA,NA,NA,NA,NA,0,0,0,0,0,0,12.93456006900449
61,NA,Monmouth,MWC,5,NA,NA,NA,NA,NA,NA,NA,NA,NA,0,0,0,0,0,0,12.875996191324328
62,NA,Claremont-Mudd-Scripps,SCIAC,6,NA,NA,NA,NA,NA,NA,NA,NA,NA,0,0,0,0,0,0,12.858867658897907
63,NA,Pacific Lutheran,NWC,6,NA,NA,NA,NA,NA,NA,NA,NA,NA,0,0,0,0,0,0,12.173637318317411
64,NA,Albion,MIAA,4,NA,NA,NA,NA,NA,NA,NA,NA,NA,0,0,0,0,0,0,12.159924795486804
65,NA,Ursinus,CC,2,-18.468161591224515,0.9967587140141335,0,0,1,0,3.6095396397461954e-4,0.012964461300432828,0.1415394487408157,1,0,1,0,0,0,11.658583776991332
66,NA,McMurry,SCAC,3,NA,NA,NA,NA,NA,NA,NA,NA,NA,0,0,0,0,0,0,11.541833765528565
67,NA,Illinois Wesleyan,CCIW,5,NA,NA,NA,NA,NA,NA,NA,NA,NA,0,0,0,0,0,0,11.376343834733344
68,NA,Lake Forest,MWC,5,NA,NA,NA,NA,NA,NA,NA,NA,NA,0,0,0,0,0,0,11.276356221131262
69,NA,Heidelberg,OAC,4,-18.088761500374844,0.999838074031387,0,0,1,0,1.0488189571944417e-5,9.663297772595225e-4,0.025794720513888314,1,0,1,0,0,0,10.715855223220398
70,NA,UW-Eau Claire,WIAC,6,-0.3422126964797876,0.9239557201408097,0,1,1,0,0.01826421617018603,0.17434077015969063,0.5857775297246532,1,0,1,0,0,0,10.566941222371176
71,NA,Huntingdon,USAC,3,NA,NA,NA,NA,NA,NA,NA,NA,NA,0,0,0,0,0,0,10.400665593953649
72,NA,Texas Lutheran,SCAC,3,-15.629255920352058,1,0,0,1,0,-0.8136553953353242,-0.3965070087534778,-0.07835190289045546,0,1,0,1,0,0,10.361532082806036
73,NA,Western Connecticut,LAND,2,NA,NA,NA,NA,NA,NA,NA,NA,NA,0,0,0,0,0,0,10.228126543117416
74,NA,Bridgewater,ODAC,3,NA,NA,NA,NA,NA,NA,NA,NA,NA,0,0,0,0,0,0,10.101503253868927
75,NA,St. Norbert,NACC,5,NA,NA,NA,NA,NA,NA,NA,NA,NA,0,0,0,0,0,0,9.878982480265572
76,NA,Shenandoah,ODAC,3,NA,NA,NA,NA,NA,NA,NA,NA,NA,0,0,0,0,0,0,9.587074822775767
77,NA,Illinois College,MWC,5,-23.56853020915839,0.9968212746341338,0,0,1,0,3.5259326190262286e-4,0.012751127971539988,0.1401017299318077,1,0,1,0,0,0,9.443691605378019
78,NA,Hanover,HCAC,4,NA,NA,NA,NA,NA,NA,NA,NA,NA,0,0,0,0,0,0,9.234659232485827
79,NA,Trine,MIAA,4,NA,NA,NA,NA,NA,NA,NA,NA,NA,0,0,0,0,0,0,9.03647600143129
80,NA,Moravian,LAND,2,-23.43753022889107,1,0,0,1,0,-0.8272259926980089,-0.4166050445125816,-0.08621574681204591,0,1,0,1,0,0,8.851770537465828
81,NA,Hampden-Sydney,ODAC,3,NA,NA,NA,NA,NA,NA,NA,NA,NA,0,0,0,0,0,0,8.598738967095114
82,NA,Delaware Valley,MAC,1,NA,NA,NA,NA,NA,NA,NA,NA,NA,0,0,0,0,0,0,8.542039323851455
83,NA,Carleton,MIAC,6,NA,NA,NA,NA,NA,NA,NA,NA,NA,0,0,0,0,0,0,7.760390222197502
84,NA,Alfred,E8,2,-5.076714184498535,0.7408419350059584,0,1,1,0,0.09598967848779782,0.440027366381632,0.8420566193739466,1,0,1,0,0,0,7.525963077827271
85,NA,Belhaven,USAC,3,-9.289256206198885,0.9881553695497572,0,0,1,0,0.0017449155137355676,0.03860671047890152,0.26985807963003294,1,0,1,0,0,0,7.4675723928898545
86,NA,Wilkes,LAND,2,NA,NA,NA,NA,NA,NA,NA,NA,NA,0,0,0,0,0,0,7.224805589907032
87,NA,Union,LL,2,NA,NA,NA,NA,NA,NA,NA,NA,NA,0,0,0,0,0,0,6.8770133784778675
88,NA,Utica,E8,2,NA,NA,NA,NA,NA,NA,NA,NA,NA,0,0,0,0,0,0,6.761641096520066
89,NA,Mount St. Joseph,HCAC,4,NA,NA,NA,NA,NA,NA,NA,NA,NA,0,0,0,0,0,0,6.716445194659402
90,NA,Howard Payne,ASC,3,-15.270671462489634,0.9321123686417456,0,0,1,0,0.01575735001433154,0.15946325036361897,0.5624484377269424,1,0,1,0,0,0,6.245294939785291
91,NA,Augustana,CCIW,5,NA,NA,NA,NA,NA,NA,NA,NA,NA,0,0,0,0,0,0,6.02270726374547
92,NA,Carroll,CCIW,5,-34.750656284901,1,0,0,0,1,-0.9300485252917259,-0.6263896988045811,-0.20283438367548623,0,1,0,1,0,0,5.785543396931278
93,NA,UW-Stevens Point,WIAC,6,NA,NA,NA,NA,NA,NA,NA,NA,NA,0,0,0,0,0,0,5.606010606735833
94,NA,Muskingum,OAC,4,NA,NA,NA,NA,NA,NA,NA,NA,NA,0,0,0,0,0,0,5.314874643932425
95,NA,Ohio Wesleyan,NCAC,4,NA,NA,NA,NA,NA,NA,NA,NA,NA,0,0,0,0,0,0,5.283123484587817
96,NA,Pacific,NWC,6,-25.072302567486883,1,0,0,1,0,-0.9602145402688356,-0.725525238715496,-0.28961453209026655,0,1,0,1,0,0,4.857084630921433
97,NA,Mass-Dartmouth,MASCAC,1,NA,NA,NA,NA,NA,NA,NA,NA,NA,0,0,0,0,0,0,4.802496837299486
98,NA,King's,MAC,1,NA,NA,NA,NA,NA,NA,NA,NA,NA,0,0,0,0,0,0,4.462178473893696
99,NA,Gustavus Adolphus,MIAC,6,NA,NA,NA,NA,NA,NA,NA,NA,NA,0,0,0,0,0,0,4.386197571429108
100,NA,Southwestern,SAA,3,NA,NA,NA,NA,NA,NA,NA,NA,NA,0,0,0,0,0,0,4.119570342953889
101,NA,Redlands,SCIAC,6,NA,NA,NA,NA,NA,NA,NA,NA,NA,0,0,0,0,0,0,3.4983305928789785
102,NA,Hendrix,SCAC,3,NA,NA,NA,NA,NA,NA,NA,NA,NA,0,0,0,0,0,0,3.2745697854484153
103,NA,Lewis and Clark,NWC,6,NA,NA,NA,NA,NA,NA,NA,NA,NA,0,0,0,0,0,0,2.8429994938567447
104,NA,Cal Lutheran,SCIAC,6,NA,NA,NA,NA,NA,NA,NA,NA,NA,0,0,0,0,0,0,2.5910701639097384
105,NA,Dickinson,CC,2,-10.50009316249282,1,0,0,1,0,-0.6680190674016314,-0.23594836116335993,-0.030517450168080495,0,1,0,1,0,0,1.7458422396590925
106,NA,TCNJ,NJAC,2,NA,NA,NA,NA,NA,NA,NA,NA,NA,0,0,0,0,0,0,1.0735224231258595
107,NA,Western New England,CNE,1,NA,NA,NA,NA,NA,NA,NA,NA,NA,0,0,0,0,0,0,0.9616846927953658
108,NA,Rose-Hulman,HCAC,4,NA,NA,NA,NA,NA,NA,NA,NA,NA,0,0,0,0,0,0,0.8290541714268345
109,NA,George Fox,NWC,6,NA,NA,NA,NA,NA,NA,NA,NA,NA,0,0,0,0,0,0,0.7992763832106091
110,NA,North Park,CCIW,5,NA,NA,NA,NA,NA,NA,NA,NA,NA,0,0,0,0,0,0,0.6208648605785281
111,NA,St. Olaf,MIAC,6,NA,NA,NA,NA,NA,NA,NA,NA,NA,0,0,0,0,0,0,0.5049218096785537
112,NA,Brevard,USAC,3,NA,NA,NA,NA,NA,NA,NA,NA,NA,0,0,0,0,0,0,0.3040739138467524
113,NA,Merchant Marine,NEWMAC,1,-18.413505662101215,0.9811355932039503,0,0,1,0,0.0031039655192237614,0.05673974843192231,0.3339982599207034,1,0,1,0,0,0,-0.27183399174242195
114,NA,N.C. Wesleyan,USAC,3,1.7716718291543003,0.999358520559148,0,1,1,0,5.253670909999286e-5,0.0032177898473909616,0.05810583311404616,1,0,1,0,0,0,-0.5087313017190942
115,NA,Geneva,PAC,2,NA,NA,NA,NA,NA,NA,NA,NA,NA,0,0,0,0,0,0,-0.6910812452926205
116,NA,Centenary La.,SCAC,3,NA,NA,NA,NA,NA,NA,NA,NA,NA,0,0,0,0,0,0,-0.9878952326918129
117,NA,Lycoming,LAND,2,NA,NA,NA,NA,NA,NA,NA,NA,NA,0,0,0,0,0,0,-2.0396340337809167
118,NA,Olivet,MIAA,4,NA,NA,NA,NA,NA,NA,NA,NA,NA,0,0,0,0,0,0,-2.4213381665935225
119,NA,FDU-Florham,MAC,1,NA,NA,NA,NA,NA,NA,NA,NA,NA,0,0,0,0,0,0,-2.6360443299426692
120,NA,Kean,NJAC,2,NA,NA,NA,NA,NA,NA,NA,NA,NA,0,0,0,0,0,0,-3.031694665162895
121,NA,Rochester,LL,2,NA,NA,NA,NA,NA,NA,NA,NA,NA,0,0,0,0,0,0,-3.148760621040562
122,NA,Stevenson,MAC,1,NA,NA,NA,NA,NA,NA,NA,NA,NA,0,0,0,0,0,0,-3.1804407649441964
123,NA,Lebanon Valley,MAC,1,-23.132491603304967,1,0,0,1,0,-0.9332742468052448,-0.6356228252854599,-0.20981504957036257,0,1,0,1,0,0,-3.2678400594896764
124,NA,Adrian,MIAA,4,NA,NA,NA,NA,NA,NA,NA,NA,NA,0,0,0,0,0,0,-3.3968313413752544
125,NA,Concordia Wis.,NACC,5,-26.161851146905576,0.9981041497089478,0,0,0,1,1.8985881548638783e-4,0.008198721264036646,0.10636367362730992,1,0,1,0,0,0,-3.5466073688713506
126,NA,University of New England,CNE,1,NA,NA,NA,NA,NA,NA,NA,NA,NA,0,0,0,0,0,0,-3.588486011630002
127,NA,Rhodes,SAA,3,NA,NA,NA,NA,NA,NA,NA,NA,NA,0,0,0,0,0,0,-4.065518094720012
128,NA,Eastern,MAC,1,NA,NA,NA,NA,NA,NA,NA,NA,NA,0,0,0,0,0,0,-4.150698805665284
129,NA,Montclair State,NJAC,2,-37.589431499014594,1,0,0,0,1,-0.9850323656917261,-0.8454469890235823,-0.44561558902977794,0,1,0,1,0,0,-4.285749568690148
130,NA,Carthage,CCIW,5,NA,NA,NA,NA,NA,NA,NA,NA,NA,0,0,0,0,0,0,-4.294211827081989
131,NA,Simpson,ARC,5,NA,NA,NA,NA,NA,NA,NA,NA,NA,0,0,0,0,0,0,-4.424674711193811
132,NA,Morrisville State,E8,2,NA,NA,NA,NA,NA,NA,NA,NA,NA,0,0,0,0,0,0,-4.61449212790154
133,NA,Loras,ARC,5,NA,NA,NA,NA,NA,NA,NA,NA,NA,0,0,0,0,0,0,-4.66959534912861
134,NA,St. Lawrence,LL,2,-33.140897059792906,0.9991838083531885,0,0,0,1,6.980440916126707e-5,0.003965254454202705,0.0666560616723717,1,0,1,0,0,0,-4.771774942394295
135,NA,LaGrange,USAC,3,NA,NA,NA,NA,NA,NA,NA,NA,NA,0,0,0,0,0,0,-4.939392174269109
136,NA,Salve Regina,NEWMAC,1,NA,NA,NA,NA,NA,NA,NA,NA,NA,0,0,0,0,0,0,-5.11116451452944
137,NA,MIT,NEWMAC,1,NA,NA,NA,NA,NA,NA,NA,NA,NA,0,0,0,0,0,0,-5.183691795108773
138,NA,Curry,CNE,1,-36.279465299241,0.9972341781330802,0,0,0,1,2.983307581250205e-4,0.011325174041511454,0.13020233942404447,1,0,1,0,0,0,-5.434627486317305
139,NA,Widener,MAC,1,NA,NA,NA,NA,NA,NA,NA,NA,NA,0,0,0,0,0,0,-5.4543107276005856
140,NA,Benedictine,NACC,5,NA,NA,NA,NA,NA,NA,NA,NA,NA,0,0,0,0,0,0,-5.84667122614071
141,NA,Chicago,MWC,5,NA,NA,NA,NA,NA,NA,NA,NA,NA,0,0,0,0,0,0,-5.907167979795618
142,NA,Coast Guard,NEWMAC,1,NA,NA,NA,NA,NA,NA,NA,NA,NA,0,0,0,0,0,0,-6.510996561835091
143,NA,Catholic,LAND,2,-37.506857703604126,0.995292335381867,0,0,0,1,5.66171374640545e-4,0.0177963543116757,0.17164010644871386,1,0,1,0,0,0,-6.6656864627605525
144,NA,St. John Fisher,E8,2,NA,NA,NA,NA,NA,NA,NA,NA,NA,0,0,0,0,0,0,-6.798883709868045
145,NA,Millsaps,SAA,3,-41.85002511438232,1,0,0,0,1,-0.9530162064886128,-0.6988109947385055,-0.26341178846540847,0,1,0,1,0,0,-7.16150011278782
146,NA,Calvin,MIAA,4,NA,NA,NA,NA,NA,NA,NA,NA,NA,0,0,0,0,0,0,-7.451291248485264
147,NA,Husson,CNE,1,NA,NA,NA,NA,NA,NA,NA,NA,NA,0,0,0,0,0,0,-7.474258444671014
148,NA,Lakeland,NACC,5,NA,NA,NA,NA,NA,NA,NA,NA,NA,0,0,0,0,0,0,-7.485027483548
149,NA,Wisconsin Lutheran,NACC,5,NA,NA,NA,NA,NA,NA,NA,NA,NA,0,0,0,0,0,0,-8.20580908039328
150,NA,WPI,NEWMAC,1,NA,NA,NA,NA,NA,NA,NA,NA,NA,0,0,0,0,0,0,-8.261005277415375
151,NA,Sewanee,SAA,3,NA,NA,NA,NA,NA,NA,NA,NA,NA,0,0,0,0,0,0,-8.378081024978263
152,NA,Puget Sound,NWC,6,NA,NA,NA,NA,NA,NA,NA,NA,NA,0,0,0,0,0,0,-9.170217591472792
153,NA,Capital,OAC,4,NA,NA,NA,NA,NA,NA,NA,NA,NA,0,0,0,0,0,0,-9.285969475692335
154,NA,Augsburg,MIAC,6,-44.06680954482844,1,0,0,0,1,-0.9601843200525029,-0.7254078455373599,-0.28949408801406873,0,1,0,0,0,0,-9.29611008135287
155,NA,SUNY-Maritime,NEWMAC,1,-36.10387210827778,0.9971369645754885,0,0,0,1,3.1095849996254366e-4,0.011663831117731727,0.13260116133200217,1,0,1,0,0,0,-9.570416338044804
156,NA,Nebraska Wesleyan,ARC,5,NA,NA,NA,NA,NA,NA,NA,NA,NA,0,0,0,0,0,0,-9.920155044607979
157,NA,Gettysburg,CC,2,-48.363063744569786,1,0,0,0,1,-0.999890011855511,-0.9944740013778111,-0.9173102613555302,0,1,0,1,0,0,-9.984832320693094
158,NA,Waynesburg,PAC,2,NA,NA,NA,NA,NA,NA,NA,NA,NA,0,0,0,0,0,0,-10.512240267150572
159,NA,Buffalo State,LL,2,-47.72678591550026,1,0,0,0,1,-0.8621449685196141,-0.47454914861791864,-0.11167179017101558,0,1,0,1,0,0,-10.80834607447001
160,NA,Buena Vista,ARC,5,NA,NA,NA,NA,NA,NA,NA,NA,NA,0,0,0,0,0,0,-10.88795343636493
161,NA,William Paterson,NJAC,2,NA,NA,NA,NA,NA,NA,NA,NA,NA,0,0,0,0,0,0,-11.066694411049214
162,NA,Alfred State,E8,2,NA,NA,NA,NA,NA,NA,NA,NA,NA,0,0,0,0,0,0,-11.089162801415688
163,NA,Kalamazoo,MIAA,4,NA,NA,NA,NA,NA,NA,NA,NA,NA,0,0,0,0,0,0,-11.118292244694942
164,NA,Kenyon,NCAC,4,NA,NA,NA,NA,NA,NA,NA,NA,NA,0,0,0,0,0,0,-11.158251654019695
165,NA,Franklin,HCAC,4,NA,NA,NA,NA,NA,NA,NA,NA,NA,0,0,0,0,0,0,-11.345803555622757
166,NA,Austin,SCAC,3,NA,NA,NA,NA,NA,NA,NA,NA,NA,0,0,0,0,0,0,-11.410216833346073
167,NA,Anna Maria,MASCAC,1,NA,NA,NA,NA,NA,NA,NA,NA,NA,0,0,0,0,0,0,-12.045354923314234
168,NA,McDaniel,CC,2,-32.98328397003273,1,0,0,0,1,-0.9950715328981898,-0.923204575664603,-0.6076179161712646,0,1,0,1,0,0,-12.379101610193054
169,NA,Wooster,NCAC,4,NA,NA,NA,NA,NA,NA,NA,NA,NA,0,0,0,0,0,0,-12.821319463512838
170,NA,St. Scholastica,MIAC,6,NA,NA,NA,NA,NA,NA,NA,NA,NA,0,0,0,0,0,0,-14.071690418057258
171,NA,Misericordia,MAC,1,NA,NA,NA,NA,NA,NA,NA,NA,NA,0,0,0,0,0,0,-14.401896926670267
172,NA,Greenville,UMAC,6,-32.87390590189416,1,0,0,0,1,-0.9392075942648108,-0.6533237461775259,-0.22376581547630703,0,1,0,1,0,0,-14.440774115747322
173,NA,Methodist,USAC,3,NA,NA,NA,NA,NA,NA,NA,NA,NA,0,0,0,0,0,0,-14.539332336246847
174,NA,Wilmington,OAC,4,NA,NA,NA,NA,NA,NA,NA,NA,NA,0,0,0,0,0,0,-14.59945530080389
175,NA,Hamline,MIAC,6,NA,NA,NA,NA,NA,NA,NA,NA,NA,0,0,0,0,0,0,-14.69346800043106
176,NA,Elmhurst,CCIW,5,NA,NA,NA,NA,NA,NA,NA,NA,NA,0,0,0,0,0,0,-14.75122178998416
177,NA,Bridgewater State,MASCAC,1,-35.75222499358948,1,0,0,0,1,-0.9938234567871866,-0.911178521391067,-0.5769910660886749,0,1,0,1,0,0,-15.151709205829926
178,NA,Otterbein,OAC,4,NA,NA,NA,NA,NA,NA,NA,NA,NA,0,0,0,0,0,0,-15.653446196457223
179,NA,Ripon,MWC,5,NA,NA,NA,NA,NA,NA,NA,NA,NA,0,0,0,0,0,0,-16.086018865463863
180,NA,Cornell,MWC,5,-56.113531707873435,1,0,0,0,1,-0.747320157817341,-0.3128579007156337,-0.0503352335945807,0,1,0,1,0,0,-16.098813582673262
181,NA,Northwestern Minn.,UMAC,6,NA,NA,NA,NA,NA,NA,NA,NA,NA,0,0,0,0,0,0,-16.534852983662958
182,NA,Plymouth State,MASCAC,1,NA,NA,NA,NA,NA,NA,NA,NA,NA,0,0,0,0,0,0,-16.96502331940227
183,NA,Allegheny,PAC,2,NA,NA,NA,NA,NA,NA,NA,NA,NA,0,0,0,0,0,0,-17.5276858804144
184,NA,La Verne,SCIAC,6,NA,NA,NA,NA,NA,NA,NA,NA,NA,0,0,0,0,0,0,-17.696318631956757
185,NA,Bluffton,HCAC,4,NA,NA,NA,NA,NA,NA,NA,NA,NA,0,0,0,0,0,0,-17.78375768490353
186,NA,Greensboro,USAC,3,NA,NA,NA,NA,NA,NA,NA,NA,NA,0,0,0,0,0,0,-18.064701918626856
187,NA,Macalester,MIAC,6,NA,NA,NA,NA,NA,NA,NA,NA,NA,0,0,0,0,0,0,-18.58092543464126
188,NA,Alvernia,MAC,1,-40.46917231641973,1,0,0,0,1,-0.956783269476867,-0.712489689937626,-0.27653256812185767,0,1,0,1,0,0,-19.150564083952343
189,NA,Juniata,LAND,2,-32.30242982796527,0.9836101457331914,0,0,0,1,0.002606455732454105,0.05053089235060626,0.3135255558781618,1,0,1,0,0,0,-19.23530765115872
190,NA,Bethany,PAC,2,NA,NA,NA,NA,NA,NA,NA,NA,NA,0,0,0,0,0,0,-19.35040571133258
191,NA,Massachusetts Maritime,MASCAC,1,-44.69817243145587,1,0,0,0,1,-0.998948729756074,-0.9726660348617598,-0.7786553899099519,0,1,0,1,0,0,-19.786274601005605
192,NA,Minnesota-Morris,UMAC,6,NA,NA,NA,NA,NA,NA,NA,NA,NA,0,0,0,0,0,0,-20.31060606631171
193,NA,Guilford,ODAC,3,NA,NA,NA,NA,NA,NA,NA,NA,NA,0,0,0,0,0,0,-20.40653275830206
194,NA,Willamette,NWC,6,NA,NA,NA,NA,NA,NA,NA,NA,NA,0,0,0,0,0,0,-20.418731984993812
195,NA,Rockford,NACC,5,NA,NA,NA,NA,NA,NA,NA,NA,NA,0,0,0,0,0,0,-20.965476942204226
196,NA,Norwich,NEWMAC,1,-44.08937244966647,1,0,0,0,1,-0.9930415960214893,-0.9041484446715045,-0.5602926619394879,0,1,0,1,0,0,-21.013140966381833
197,NA,Millikin,CCIW,5,NA,NA,NA,NA,NA,NA,NA,NA,NA,0,0,0,0,0,0,-21.19449104250824
198,NA,Thiel,PAC,2,-50.674363462282415,1,0,0,0,1,-0.9964189399659469,-0.9376528442838272,-0.6485906807150157,0,1,0,1,0,0,-21.844253639633404
199,NA,Albright,MAC,1,-47.1106241536193,0.999178370277835,0,0,0,1,7.035420294898564e-5,0.003988124444207153,0.06690732527938492,1,0,1,0,0,0,-21.87496819678853
200,NA,Nichols,CNE,1,NA,NA,NA,NA,NA,NA,NA,NA,NA,0,0,0,0,0,0,-21.924047600974106
201,NA,Averett,ODAC,3,-75.82632880899126,1,0,0,0,1,-0.985597008423694,-0.8490307772539192,-0.4516234425299368,0,1,0,1,0,0,-22.100572077434634
202,NA,Luther,ARC,5,NA,NA,NA,NA,NA,NA,NA,NA,NA,0,0,0,0,0,0,-22.52701946598202
203,NA,Roanoke,ODAC,3,NA,NA,NA,NA,NA,NA,NA,NA,NA,0,0,0,0,0,0,-24.721142452832623
204,NA,Lyon,SCAC,3,NA,NA,NA,NA,NA,NA,NA,NA,NA,0,0,0,0,0,0,-24.906595128510073
205,NA,St. Vincent,PAC,2,NA,NA,NA,NA,NA,NA,NA,NA,NA,0,0,0,0,0,0,-25.170224340619647
206,NA,Framingham State,MASCAC,1,NA,NA,NA,NA,NA,NA,NA,NA,NA,0,0,0,0,0,0,-25.683801744014232
207,NA,Gallaudet,ODAC,3,-52.002724290199595,1,0,0,0,1,-0.9999442515109613,-0.9966384702702082,-0.940195077788923,0,1,0,1,0,0,-25.793026646347126
208,NA,Martin Luther,UMAC,6,NA,NA,NA,NA,NA,NA,NA,NA,NA,0,0,0,0,0,0,-25.81769109207305
209,NA,Keystone,IND,2,NA,NA,NA,NA,NA,NA,NA,NA,NA,0,0,0,0,NA,NA,-26.272905312466712
210,NA,Hiram,PAC,2,-50.60174228405178,1,0,0,0,1,-0.9287584702216979,-0.622768727366218,-0.20015000595024912,0,1,0,1,0,0,-27.961005406963775
211,NA,Southern Virginia,USAC,3,NA,NA,NA,NA,NA,NA,NA,NA,NA,0,0,0,0,0,0,-29.58050986774669
212,NA,Anderson,HCAC,4,NA,NA,NA,NA,NA,NA,NA,NA,NA,0,0,0,0,0,0,-30.496421154597975
213,NA,Westfield State,MASCAC,1,NA,NA,NA,NA,NA,NA,NA,NA,NA,0,0,0,0,0,0,-30.757706828265054
214,NA,New England College,CNE,1,NA,NA,NA,NA,NA,NA,NA,NA,NA,0,0,0,0,0,0,-31.013710908179366
215,NA,Eureka,NACC,5,NA,NA,NA,NA,NA,NA,NA,NA,NA,0,0,0,0,0,0,-31.151961254908667
216,NA,Grinnell,MWC,5,NA,NA,NA,NA,NA,NA,NA,NA,NA,0,0,0,0,0,0,-31.427242234595422
217,NA,Hartwick,E8,2,NA,NA,NA,NA,NA,NA,NA,NA,NA,0,0,0,0,0,0,-31.687729453964256
218,NA,Knox,MWC,5,NA,NA,NA,NA,NA,NA,NA,NA,NA,0,0,0,0,0,0,-33.16033990926822
219,NA,Concordia-Chicago,NACC,5,NA,NA,NA,NA,NA,NA,NA,NA,NA,0,0,0,0,0,0,-33.59247562314078
220,NA,Fitchburg State,MASCAC,1,-51.16228331394262,0.9999999833581847,0,0,0,1,3.1642033437861983e-10,2.4757860916935215e-7,5.345840120374312e-5,1,0,1,0,1,0,-34.402553735675866
221,NA,Hilbert,LL,2,NA,NA,NA,NA,NA,NA,NA,NA,NA,0,0,0,0,0,0,-36.74114039662619
222,NA,Westminster Mo.,UMAC,6,NA,NA,NA,NA,NA,NA,NA,NA,NA,0,0,0,0,0,0,-36.847759458768344
223,NA,Worcester State,MASCAC,1,NA,NA,NA,NA,NA,NA,NA,NA,NA,0,0,0,0,0,0,-38.499447603788894
224,NA,Castleton,NJAC,2,NA,NA,NA,NA,NA,NA,NA,NA,NA,0,0,0,0,0,0,-38.656063411992015
225,NA,Crown,UMAC,6,NA,NA,NA,NA,NA,NA,NA,NA,NA,0,0,0,0,0,0,-40.04860939501058
226,NA,Manchester,HCAC,4,NA,NA,NA,NA,NA,NA,NA,NA,NA,0,0,0,0,0,0,-41.968152747305965
227,NA,Oberlin,NCAC,4,NA,NA,NA,NA,NA,NA,NA,NA,NA,0,0,0,0,0,0,-42.212333515915375
228,NA,Beloit,MWC,5,NA,NA,NA,NA,NA,NA,NA,NA,NA,0,0,0,0,0,0,-44.77474320498573
229,NA,Maine Maritime,CNE,1,NA,NA,NA,NA,NA,NA,NA,NA,NA,0,0,0,0,0,0,-46.40982102848502
230,NA,Lawrence,MWC,5,NA,NA,NA,NA,NA,NA,NA,NA,NA,0,0,0,0,0,0,-46.64670866384481
231,NA,Dean,MASCAC,1,-92.72015124294803,1,0,0,0,1,-0.9999934614944238,-0.9993246085497398,-0.9798723765790563,0,1,0,1,0,1,-58.03452722053155
232,NA,Trinity Conn.,NESCAC,1,NA,NA,NA,NA,NA,NA,NA,NA,NA,0,0,0,0,0,0,9.812622379771469
233,NA,Tufts,NESCAC,1,NA,NA,NA,NA,NA,NA,NA,NA,NA,0,0,0,0,0,0,4.047613983450922
234,NA,Williams,NESCAC,1,NA,NA,NA,NA,NA,NA,NA,NA,NA,0,0,0,0,0,0,3.7979330526722648
235,NA,Middlebury,NESCAC,1,NA,NA,NA,NA,NA,NA,NA,NA,NA,0,0,0,0,0,0,3.663250313412154
236,NA,Bowdoin,NESCAC,1,NA,NA,NA,NA,NA,NA,NA,NA,NA,0,0,0,0,0,0,1.8110617753389122
237,NA,Wesleyan,NESCAC,1,NA,NA,NA,NA,NA,NA,NA,NA,NA,0,0,0,0,0,0,2.0245645492878515
238,NA,Colby,NESCAC,1,NA,NA,NA,NA,NA,NA,NA,NA,NA,0,0,0,0,0,0,0.04466600426061129
239,NA,Bates,NESCAC,1,NA,NA,NA,NA,NA,NA,NA,NA,NA,0,0,0,0,0,0,-5.863329554244596
240,NA,Amherst,NESCAC,1,NA,NA,NA,NA,NA,NA,NA,NA,NA,0,0,0,0,0,0,-8.494752443806842
241,NA,Hamilton,NESCAC,1,NA,NA,NA,NA,NA,NA,NA,NA,NA,0,0,0,0,0,0,-10.843630060142747
